image_name,blur_var,brightness,contrast,dynamic_range
0000f77c-6257be58.jpg,329.3531422297678,107.6984982638889,62.91991043929763,255.0
0000f77c-62c2a288.jpg,72.48933143253562,108.91158637152778,65.81175260965632,253.0
0000f77c-cb820c98.jpg,132.3753385158774,74.8710036892361,72.62690633204245,255.0
0001542f-5ce3cf52.jpg,42.681680594407766,42.332317708333335,24.097249643367103,254.0
0001542f-7c670be8.jpg,34.249453005939074,60.83448893229167,36.34272899064555,252.0
0001542f-ec815219.jpg,45.54018436414931,43.615615234375,36.05390334604059,255.0
0004974f-05e1c285.jpg,39.936143489583316,37.49987847222222,42.72651599716579,255.0
00054602-3bf57337.jpg,401.7843726547134,99.60242730034722,61.20834016878408,255.0
00067cfb-5443fe39.jpg,154.41538832393223,104.25831380208334,53.75794013643279,254.0
00067cfb-5adfaaa7.jpg,75.89311631548374,25.683836805555554,30.91951423096622,255.0
00067cfb-caba8a02.jpg,214.7966178397178,127.00445855034722,54.76741514826466,251.0
00067cfb-e535423e.jpg,793.5610069220222,78.45506293402778,58.312769747652524,254.0
00067cfb-f1b91e3c.jpg,175.77846550055494,107.80577039930556,51.70339540568683,253.0
0008a165-c48f4b3e.jpg,62.8287186360948,54.54679796006945,45.10839490923766,255.0
00091078-59817bb0.jpg,241.29014200069162,75.03314995659723,54.13175201096448,253.0
00091078-7cff8ea6.jpg,243.67074284730015,84.07557834201388,49.396870889454384,244.0
00091078-84635cf2.jpg,396.89990349431827,68.77608072916667,54.15569779888132,255.0
00091078-875c1f73.jpg,334.5921830525528,81.15062065972222,54.023704549582824,255.0
00091078-c1d32eea.jpg,89.56435255285072,79.23435221354167,56.68833499097224,254.0
00091078-cedbfea7.jpg,191.7078166185119,78.26497938368055,50.66990596344763,253.0
00091078-f32de4d2.jpg,66.90290244688694,82.7108181423611,46.90312561471358,251.0
000d35d3-41990aa4.jpg,175.14623794291816,53.34625542534722,41.58512507852702,255.0
000d4f89-3bcbe37a.jpg,289.92110960922116,80.67019639756944,72.08729399782814,254.0
000e0252-8523a4a9.jpg,455.94624456402704,114.39800130208333,57.42116085079719,255.0
000f157f-30b30f5e.jpg,82.15581564398872,29.010493706597224,37.61417516733916,255.0
000f157f-37797ff9.jpg,78.6644744411704,37.07842122395834,35.48404462917542,255.0
000f157f-dab3a407.jpg,392.44144383032034,85.78988389756944,63.1940769214246,255.0
000f8d37-d4c09a0f.jpg,622.8846755611737,96.50649956597222,57.72392970528103,255.0
0010bf16-9ee17cd9.jpg,179.38812131952244,101.32220269097222,68.4796325034269,252.0
0010bf16-a457685b.jpg,569.1126610901624,107.13505967881945,67.06528771895239,255.0
00131ea7-624f538d.jpg,226.63261426843243,114.41419596354167,64.98603342933875,253.0
00134776-9123d227.jpg,135.9838510464692,24.367102864583334,28.407397701432817,255.0
001bad4e-2fa8f3b6.jpg,169.6173686894441,88.80071723090278,50.442836731099604,252.0
001c5339-08faca55.jpg,102.78049144741931,46.24776258680556,37.29458808369553,255.0
001c5339-13a07470.jpg,319.8666117983172,38.21050021701389,40.578646907467586,255.0
001c5339-9a6cdd3e.jpg,123.84079458533266,28.186131727430556,28.912406516863353,255.0
00202076-7a95b4e3.jpg,36.16885709736084,39.676761067708334,36.9294877727391,255.0
00202076-9eaa8e42.jpg,164.64583825970755,107.31941514756944,69.04642747400892,254.0
00207869-046fa443.jpg,245.77543071401968,124.88879557291666,50.64973818056146,250.0
00207869-902288d1.jpg,577.7701618541188,120.75620442708333,58.23780531406112,255.0
00211b17-ad3e206b.jpg,16.521712229180046,16.218655598958332,15.367055770501292,255.0
00225f53-4200bde2.jpg,440.96335707194015,97.51501302083334,61.276526252509484,254.0
00225f53-67614580.jpg,208.93971741931924,79.05447699652778,60.10866551374815,252.0
00232de3-19eca24a.jpg,179.87419646359555,33.390728081597224,32.036717009256456,255.0
0024b742-83709bd4.jpg,116.3872603268046,119.28402994791666,74.22130002748494,255.0
0024b742-acbed4fb.jpg,650.215231005293,118.91240993923611,76.79720957220219,254.0
002685b6-856c17f7.jpg,338.5760381182907,83.5233474392361,71.96508490776968,254.0
00268999-0b20ef00.jpg,46.80526363663732,29.663202039930557,33.599335828738596,255.0
00268999-9f6d5823.jpg,245.87814856032261,86.56866861979167,65.34573284216562,255.0
00268999-a4b8e39d.jpg,33.46274625834594,34.119632161458334,29.153925103718638,255.0
00268999-cb063914.jpg,56.71710828610529,16.47622287326389,27.20943270358686,255.0
002827ad-8748e2fb.jpg,376.8410275380404,105.56055772569445,54.38677199630922,254.0
0028cbbf-92f30408.jpg,172.39650436556667,100.29257269965278,60.4729630778218,239.0
002ab96a-a96704f9.jpg,893.5504612125812,111.42424045138888,67.28120007342807,255.0
002ab96a-ea678692.jpg,387.6872796284415,114.06338758680556,68.24669112591003,254.0
002b485a-3f6603f2.jpg,115.08617181904638,63.83346571180556,44.07909302240779,253.0
002b485a-d1301c7c.jpg,136.88319985825217,51.86090277777778,40.26647424848298,255.0
002b562f-e0ac84fe.jpg,27.982044216914232,11.023293185763889,18.76795653377156,255.0
002cd38e-c7defded.jpg,85.63876704741581,89.103154296875,65.37934289230489,249.0
002cd38e-ebe888e1.jpg,139.53458308800472,80.3799609375,57.84285727294664,253.0
002d290d-01969e7d.jpg,230.82606133249058,117.63889214409723,59.317992162710325,252.0
002d290d-89d1aea8.jpg,114.95389491100534,78.56980360243055,55.42128833587128,255.0
002d290d-89f4e5c0.jpg,389.00067637349844,116.62745985243056,55.604923379014004,255.0
002d290d-90f2bab2.jpg,466.4019908842109,95.84209201388889,54.912685822129184,253.0
002d290d-f9108a13.jpg,573.6664798463421,96.29768988715277,60.7790470312873,255.0
002d290d-fa2a8964.jpg,524.7387382447794,89.177294921875,59.16895588566034,255.0
002e6895-442e6bc1.jpg,79.02906358497412,91.11876519097223,67.40947329994457,253.0
002f8552-0cdd55c6.jpg,83.56051889224582,119.83442491319444,48.21628115118742,251.0
0030f434-3eb4a3a9.jpg,419.46255911664485,120.08345052083334,63.29194780964124,252.0
00313a01-62156032.jpg,120.06408953508802,25.309019097222222,32.65589523055008,255.0
00313a01-725ddf3a.jpg,86.98407124950144,37.51193250868056,36.3014012785371,255.0
00313a01-97de1f42.jpg,87.91285590141673,24.703195529513888,33.74768810544216,255.0
00313a01-b53a2998.jpg,130.54121199643058,38.10802625868055,33.47112130808943,255.0
00322f82-286ab9b3.jpg,189.95886339470078,32.15202365451389,37.25930869959895,255.0
0032419c-7d20b300.jpg,24.112585716387667,13.497201605902777,18.740135564372896,255.0
0033b19f-65613f7e.jpg,275.9468236974598,91.87863389756944,67.62860941089043,253.0
0033b19f-7f07efac.jpg,283.21253193749317,112.01931532118056,75.61533380005942,253.0
0034a363-24f318c4.jpg,238.97262586126342,40.15123806423611,32.112597774996196,255.0
0035afff-3295dbd6.jpg,123.31974386132795,30.822437065972224,42.023352201586995,255.0
0035afff-434368a1.jpg,132.005797439574,32.748081597222225,47.30371579947802,255.0
0035afff-47378fa3.jpg,67.04792852345103,21.124776475694443,23.04354779311583,255.0
0035afff-572b2d4e.jpg,178.8866643714011,24.28895941840278,40.55232063974579,255.0
0035afff-bd191d6a.jpg,90.43725465969504,19.815986328125,26.847226942101774,255.0
00378858-c5f802ac.jpg,176.74958744567132,45.604395616319444,37.6128981955642,255.0
00390995-49d9a01e.jpg,456.0949691998327,116.72261827256945,58.3163046063877,255.0
00391a82-8be5b76d.jpg,52.85636680765031,93.19968207465278,42.891969634696366,247.0
00391a82-d1428e56.jpg,71.97952055387026,35.09048611111111,41.125671275631895,255.0
003baca5-70c87fc6.jpg,144.24188105191715,148.75930772569444,64.49711117055666,253.0
003baca5-aab2e274.jpg,38.11891418682617,145.93366753472222,58.87737170636261,255.0
003baca5-ad660439.jpg,109.28110932108086,129.15502712673612,63.88176916500309,248.0
003baca5-d6cd84e5.jpg,159.56524135162806,144.65337239583334,60.16014905400304,246.0
003c4a61-52588960.jpg,98.06548067327309,62.20506184895833,47.80458895820311,254.0
003e23ee-07d32feb.jpg,75.4331262130631,93.85767144097223,67.03888285960562,255.0
003e23ee-67d25f19.jpg,308.0610544546433,90.916689453125,62.18223824839539,255.0
004071a4-049b7b85.jpg,301.9145417808237,77.62873806423612,60.15735168428764,254.0
004071a4-4e8a363a.jpg,601.8766690352812,116.24644422743056,45.10868611700895,255.0
004071a4-a45d905f.jpg,497.0364159159236,111.56033420138888,57.514612869700386,254.0
004071a4-ef4bf541.jpg,343.2065127329777,113.82896701388889,53.59811829355599,253.0
00417c23-220bbc98.jpg,136.9072329819244,77.58385308159723,60.94579979016998,255.0
00423717-0ef3c8dc.jpg,65.42541313451011,33.314967447916665,28.454365632446407,255.0
00423717-eba4da41.jpg,80.68107528824864,19.89229926215278,33.16839487468785,255.0
00423ac5-1fa7ff43.jpg,86.39109266162329,28.166368272569443,31.632994957670064,255.0
0045e757-02530231.jpg,78.22390613391545,25.9589453125,29.62640688786864,255.0
0045e757-088840fc.jpg,99.77278750977575,33.54645724826389,38.04855725708417,255.0
0045e757-66a334b5.jpg,89.70943683788045,36.67319444444445,34.22346281909894,255.0
004855fc-ff3946ad.jpg,104.31575084876546,108.7878537326389,61.79449550688822,248.0
00488a66-6c729bde.jpg,560.3865027754878,119.60111545138889,79.6146506828766,255.0
00488b40-0a8cf1a0.jpg,203.56371541129104,110.88706271701389,64.76921708934186,254.0
0048f391-2c5344eb.jpg,505.4411078434121,64.94568359375,56.96434489800236,255.0
0048f391-8eb40ca6.jpg,909.7648300913867,83.89043728298611,69.68331144085698,255.0
0048f391-e9bfaf62.jpg,552.3251985575254,84.41738389756945,64.1759344437804,254.0
0048f391-eae6a189.jpg,552.4980598324623,65.41852213541667,64.89237243168446,255.0
00495359-1d04dd8a.jpg,655.2759797559656,123.12896484375,72.78788043491832,253.0
00495359-27ce9c7e.jpg,732.9260642444461,107.50588975694444,78.57525373274292,253.0
0049e5b8-725e21a0.jpg,175.3697090867784,113.66133355034722,54.493369485100665,249.0
0049e5b8-afda7206.jpg,264.77847233444845,108.35900390625,51.82903540810099,252.0
004ea016-0b1932a7.jpg,288.9968803663736,117.26538302951388,68.5747356619754,253.0
00516b75-7ac91661.jpg,45.16016276029893,17.042393663194446,25.230188091755817,255.0
0051e391-d32a618e.jpg,124.69120915979343,93.25559895833334,63.06941762856091,255.0
0052b279-87c692aa.jpg,416.3733357082603,95.83212456597222,52.07271272256293,249.0
005645a1-dbe34c9d.jpg,159.6604510063595,25.013294270833335,35.74856766626387,255.0
00589f25-4cf2b9e0.jpg,345.67410001083215,107.32988932291667,64.01912545067023,254.0
0059f17f-f0882eef.jpg,31.25948128488328,19.848223741319444,24.25786444891254,255.0
005c4fd3-cb4d6287.jpg,352.02592693239853,101.41485460069444,65.80495118216689,255.0
005cdef0-180a776c.jpg,208.3457258384599,117.95881293402778,61.10712732397744,250.0
005ee183-0100ac18.jpg,383.8848542064796,93.528115234375,61.26270079402913,254.0
005ee183-bcfab89f.jpg,304.02635467808915,91.87700629340277,61.90989403940225,254.0
005fd7be-d8e0dc65.jpg,44.03853513317347,11.455279947916667,15.88644904117264,255.0
005ff190-5be4cdfa.jpg,44.16529944186271,18.451177300347222,24.03367788682393,255.0
0060b445-5acc00ed.jpg,249.33643337011327,112.04734049479167,65.1569368600683,250.0
00618cec-3bc5573e.jpg,506.9119873239858,112.89732964409723,52.25817937362139,254.0
00618cec-a7f7e470.jpg,819.4111716809258,114.888876953125,47.446331486254266,254.0
00618cec-ef92ac05.jpg,333.7514034996457,107.14526584201388,54.54148607810126,252.0
0062298d-2d787502.jpg,129.5036187048064,33.355738932291665,37.324459167044864,255.0
0062298d-cbbec2cd.jpg,90.51327387284171,28.97032986111111,38.187812878044646,255.0
0062298d-e6abad2f.jpg,49.16724536556553,30.856805555555557,30.38105708275576,255.0
0062298d-fd69d0ec.jpg,27.248695587082857,25.474393446180557,21.646606842505008,255.0
0062ab5a-54bb129b.jpg,154.28719509522122,96.70981011284722,85.53565432441684,254.0
0062e803-38c0a33a.jpg,237.90654534436925,102.277138671875,60.4966991711631,254.0
0062f18d-f8cd3a65.jpg,724.8760178288488,116.54771918402778,53.40516701129653,254.0
006382a3-4a442001.jpg,314.013683625199,101.09134440104167,66.52892178740905,250.0
0065fe83-c80cf6c3.jpg,647.9928449761234,90.13973741319444,66.40693454170422,255.0
006676e5-0a512e75.jpg,26.045747609539976,6.824830729166667,17.094688914316343,255.0
006676e5-624162a7.jpg,71.43581691388613,45.99502387152778,35.3582817038268,255.0
0066b72f-974f6883.jpg,156.5163715267181,96.49175564236111,60.95642330254946,254.0
00690c26-e4bbbd72.jpg,268.62208583984375,108.524267578125,62.33096049592904,254.0
00699de6-58847872.jpg,197.45950455310486,99.69681749131945,55.00503776511545,255.0
006a4209-286a5664.jpg,645.9956911781585,100.93628038194444,59.38842492717841,253.0
006a4209-4f3bf6cf.jpg,326.7663683943561,88.54033637152777,59.407519626458935,255.0
006a7635-c42f9f97.jpg,654.7390251950111,90.55536892361111,54.49136420011831,255.0
006a7635-ec8fe02c.jpg,288.0065808634994,100.94364908854166,52.06917556041954,255.0
006bb043-fe4bbaf6.jpg,6.253103298611111,0.3283517795138889,4.893646984817669,255.0
006bff20-752bd845.jpg,66.47199323399744,23.30845920138889,21.969723249049558,255.0
006c0799-10697723.jpg,388.8875192667596,90.747568359375,69.40500210753058,255.0
006c0799-964a2695.jpg,687.0828881413775,94.80210286458333,70.08061877859286,255.0
006d6f8e-4759e8c1.jpg,382.95257588816975,113.67771375868055,53.387932439329084,254.0
006dd004-34630e8d.jpg,294.0793543834815,102.82494032118055,68.9264577932637,252.0
006fdb67-526bb14e.jpg,335.0652634973586,88.07554578993056,64.35140702776759,255.0
006fdb67-a1455b77.jpg,288.7582215254984,132.1666037326389,68.09776807699205,254.0
006fdb67-f4820206.jpg,235.25369687510837,89.28680121527778,70.82503264667933,255.0
0070bc56-29bcc943.jpg,190.28725479176717,38.78231119791667,35.0895627207389,254.0
0070bc56-401304be.jpg,76.3635058415625,27.82151150173611,21.155256124449476,255.0
0070bc56-49cf077c.jpg,146.40052384049102,39.564113498263886,35.64563915003071,253.0
0070bc56-4c0bb2d5.jpg,27.278803256941433,19.867467447916667,24.84400869469225,254.0
0070bc56-7d01076a.jpg,112.8185038248651,26.373014322916667,29.594046234918302,255.0
0070bc56-8d8cfd82.jpg,132.83481153134827,45.67981228298611,38.6873893319792,254.0
00714cd3-48d6b290.jpg,35.28646134693357,97.47202365451389,61.732494221099785,254.0
0071d9c5-0f52d539.jpg,164.24234169661446,30.609710286458334,36.13824928395529,255.0
0071d9c5-be7394cc.jpg,186.6901290342249,25.77546875,36.304209290293976,255.0
00721168-56efa5c2.jpg,150.88515231594516,34.35311740451389,38.13119791013877,254.0
0075a5b0-9a8d5dbb.jpg,142.54407295462528,40.65113823784722,48.15913384212835,255.0
0075b179-8e09869a.jpg,438.7137088966354,115.06110243055555,45.92206164426469,250.0
007693e6-2535e7bf.jpg,633.284594751559,82.69134006076389,57.80150016680563,254.0
007693e6-bc55f0e4.jpg,825.3298379695456,84.19818033854166,62.88570058143306,255.0
007693e6-c2a8b9a7.jpg,283.15789931232666,96.8215451388889,50.70677280577453,254.0
00779058-517a4591.jpg,174.07146035638388,156.60826497395834,53.23117689906918,254.0
0077ccb8-d5778190.jpg,27.109179623031604,14.650551215277778,23.580199873729878,255.0
00787a90-b350f376.jpg,667.6020933807324,117.02092990451389,55.74510890823369,255.0
007ae77f-79995643.jpg,350.968061525679,82.36143771701389,64.4395182668945,255.0
007aeb45-3e75ce0e.jpg,268.0719556222974,101.00994574652778,67.0184476316568,250.0
007aeb45-56d1aed9.jpg,209.3846628323012,88.4711794704861,62.23014043166254,253.0
007aeb45-9330e852.jpg,602.4748749689631,108.75702039930556,58.4885026389663,254.0
007aeb45-96ce245e.jpg,625.5591214458781,94.88285373263889,58.406165699201644,254.0
007aeb45-c601742b.jpg,589.0310833813692,92.99964409722222,54.10824750248339,255.0
007aeb45-eef41701.jpg,404.6634923881197,129.68360026041665,63.517555634987104,249.0
007aeb45-f9f5ac8c.jpg,525.734463838223,97.14881401909722,51.03869253243764,251.0
007b11e5-1033ff33.jpg,62.590882292853465,27.582312282986113,32.252207508705474,255.0
007b11e5-c22ddae8.jpg,48.099105902758936,14.688338758680555,28.96885434395986,255.0
007c01ea-63aa326c.jpg,66.50539061746476,22.945069444444446,30.74244499831372,255.0
007c01ea-a02f29ef.jpg,256.7156434207387,29.032076822916668,33.55096942916045,255.0
007c01ea-ad9f940b.jpg,196.4723585664538,58.87787651909722,40.39822751259306,255.0
007c11bf-f6da335c.jpg,125.83750324070185,95.097607421875,63.891935070910435,250.0
007da0eb-1bad8468.jpg,685.5912187951541,77.9566384548611,57.388343385934725,254.0
007da0eb-8cca23d7.jpg,448.4881137405207,114.38465386284722,76.233721824873,253.0
007da0eb-e1f588e8.jpg,909.5681931134812,112.43351236979167,64.78258385199575,254.0
007eddfc-528c4da4.jpg,15.545735675006448,15.173617621527777,14.015231210359262,255.0
007eddfc-bcaeb35b.jpg,433.70521620295824,100.00220377604167,61.85939078263925,254.0
007eddfc-f8a80310.jpg,77.19527772385867,82.41866644965278,45.92342614957417,254.0
0080b637-55f7930e.jpg,439.8937127462833,88.06954969618056,59.83630615396077,255.0
00810e80-37641274.jpg,540.8738530756618,114.33003580729167,68.38902069852843,253.0
0081c36b-30bff234.jpg,253.10121683076434,89.42270724826389,57.72526823761701,255.0
0081da60-27997c07.jpg,419.3576872923002,116.55786458333333,69.69407891371381,255.0
0081da60-5fa22cc6.jpg,219.35966345304792,101.58966145833334,61.21600354261245,255.0
0081e27b-17bf4a9e.jpg,230.13140187157532,117.71779513888889,59.880035327441746,254.0
0081e3ea-2c0ec19d.jpg,25.536210922198826,22.097905815972222,26.446328722642388,255.0
0081e3ea-3f7b0282.jpg,12.645571760925245,18.648338758680556,21.02118951931878,255.0
0081e3ea-4551210e.jpg,43.0621059111124,27.416979166666668,25.986205523440905,255.0
0081e3ea-9f5dda4a.jpg,12.278273441850406,18.065801866319443,24.702145545481525,255.0
0081e3ea-b9448b6b.jpg,10.131821831172186,9.448752170138889,17.90992319694172,255.0
0081e3ea-cc69a1c4.jpg,48.553424478785196,39.27850802951389,26.585215522213957,255.0
00825605-9dcec7d0.jpg,182.8043477905826,130.17163302951388,73.35084678273186,252.0
00831388-d801f28b.jpg,286.0455890817418,111.11957573784723,66.47848288483245,252.0
00852c8f-14cf1e60.jpg,10.847495643328443,7.453236762152778,12.249202100074717,255.0
0088cf04-319858ad.jpg,27.30174153207732,28.001110026041665,22.68263123704017,254.0
0089bc2f-5f2d57d5.jpg,385.3530670303896,121.15225694444445,55.763347863612736,251.0
008d2a0a-ac995caf.jpg,126.47795039235808,65.51772894965278,43.83656934059049,254.0
008db5fb-223715d5.jpg,43.20579748487001,17.836110026041666,27.049460245661916,255.0
008dd3b9-4b6790d5.jpg,101.47491643857481,49.033298611111114,45.00527218985631,255.0
008edf63-4a001f1b.jpg,21.892036642511382,31.297299262152777,23.620614113709934,255.0
008edf63-51af8ab6.jpg,66.29549256659611,28.61932291666667,28.144628765734364,255.0
0090c713-2854b392.jpg,264.656515841815,111.02945203993056,56.80873012243998,253.0
0090c713-683fc99a.jpg,307.2681665585257,66.65517144097223,55.76555120236657,255.0
0090c713-9d58a186.jpg,127.85475959437689,98.0068240017361,55.56591411758588,253.0
009215e2-62d79d70.jpg,79.85428373955621,43.62488606770833,47.05189086833881,254.0
009215e2-8500bd0b.jpg,79.19820629245966,21.097249348958332,26.59712740963458,255.0
009215e2-d6d2d61b.jpg,21.78670789760543,7.432094184027778,12.604136549474385,255.0
009215e2-e67ccfb7.jpg,7.050171439088421,7.898243272569444,16.650804377279695,255.0
009215e2-ea063b28.jpg,7.300659719038596,8.655075954861111,16.600738447021516,255.0
0092e44c-3b3dee4b.jpg,222.6686252906893,106.85796875,70.44025405211217,253.0
0094ffe5-596e38bd.jpg,48.08574955814383,102.19301540798611,65.10692671516296,249.0
0096bcca-095d2c02.jpg,288.5728716550179,103.65207356770833,64.25956653286045,254.0
0096bcca-27a61cb3.jpg,85.2216457779484,37.08467122395833,35.46581063215652,255.0
0096bcca-369281bd.jpg,87.71551081313024,57.04302083333334,43.72504598743987,255.0
0096bcca-42d2702c.jpg,65.25818327783186,64.50606011284722,46.17457828562047,254.0
0096bcca-81ffedfc.jpg,129.05491686180957,30.078805338541667,30.764691146820287,255.0
0096bcca-a25719cb.jpg,156.67413990206188,123.53861762152778,39.680503478856686,243.0
0096bcca-bfb5ea6c.jpg,42.817632741705566,24.60529296875,28.660223366332872,255.0
0096bcca-c2027ec4.jpg,11.71494462116265,18.190399305555555,17.781904897047404,255.0
0096bcca-fc7d6d3c.jpg,88.60029622322247,46.09173611111111,37.8783671934178,254.0
0096f810-6bcc27da.jpg,418.6329902800937,151.64172960069445,57.765942134673075,255.0
00982f76-83a093ef.jpg,217.21512692336,132.01932291666665,69.15222588565653,255.0
009aecce-ab411438.jpg,98.43549243689638,106.16792426215278,57.78705204938646,233.0
009aecce-ce4a9413.jpg,378.9520782545302,88.00307183159723,56.54599941855011,253.0
009b0eb2-bbef939f.jpg,49.11976670031963,24.950731336805557,27.163162376777123,255.0
009b6a87-b15675e2.jpg,397.9870034270819,92.62871744791667,59.15537816648618,254.0
009bd04d-0f1f9967.jpg,114.64586530520121,44.11937717013889,49.5595719540467,255.0
009bd04d-42445981.jpg,200.03909342099294,33.60528428819445,39.723773972321354,255.0
009c662e-91aa5a86.jpg,354.3058897260453,135.940654296875,62.901702304339125,252.0
009deddd-c8963379.jpg,480.82964307134984,80.41600043402778,68.7564525480306,254.0
009deddd-d68ff1f7.jpg,515.0494701503754,90.88834635416667,55.34484013018998,255.0
009e7a6a-3d755b8b.jpg,286.4742408402042,95.96661566840278,76.2188336227409,254.0
00a04f65-8c891f94.jpg,49.870839773653756,55.341776258680554,49.01374003490742,254.0
00a04f65-af2ab984.jpg,139.6111283393012,28.01793728298611,41.54461160155032,255.0
00a0f008-3c67908e.jpg,208.93257934569843,106.14386067708334,62.747349665488535,248.0
00a0f008-a315437f.jpg,237.89584041086715,101.186904296875,66.05067115063054,254.0
00a1176f-0652080e.jpg,331.3103461479845,101.67307400173611,60.40956527797523,254.0
00a1176f-5121b501.jpg,701.1887426649301,115.61160481770834,67.15474137509824,254.0
00a2e3ca-5c856cde.jpg,751.5703316879273,101.40151258680555,60.24623618347108,254.0
00a2e3ca-62992459.jpg,393.1236195293661,128.6372634548611,59.171492356558765,253.0
00a2f5b6-d4217a96.jpg,689.7299932511647,88.37302734375,60.32897141152862,255.0
00a395fe-d60c0b47.jpg,332.19785692000096,108.64086480034722,56.50356668152042,252.0
00a820ef-2b98dcf5.jpg,873.3531906116584,101.57764756944445,67.41850915813073,255.0
00a820ef-98a12e22.jpg,253.67136717355518,82.33108723958334,63.18246495138929,255.0
00a820ef-d655700e.jpg,326.0519330645797,82.27229383680556,62.08615764471014,254.0
00a9cd6b-b39be004.jpg,61.33568460345679,115.27783311631944,55.270258249779545,251.0
00abd8a7-ecd6fc56.jpg,350.6971915859538,108.04256944444444,57.6000194777049,255.0
00abf44e-04004ca0.jpg,605.7507429770468,97.08165581597223,54.62636297992504,255.0
00abf44e-421f6ed7.jpg,487.83610883216386,100.69007269965277,67.23419655332344,252.0
00ac3256-0f8e2cda.jpg,59.040683419969355,99.99941840277778,62.160411235143556,255.0
00ad8a92-c4851839.jpg,373.9660045970589,116.53451171875,52.6073362526983,241.0
00adbb3f-7757d4ea.jpg,208.97036303835154,136.6257107204861,60.57744845279361,250.0
00afa5b2-c14a542f.jpg,539.0773457279726,101.9208029513889,60.2778722338413,251.0
00afa6b9-4efe0141.jpg,73.2394974139637,24.753013237847224,35.22060873182579,255.0
00b04b12-a7d7eb85.jpg,113.3212041558159,29.9994921875,38.318936519813384,255.0
00b04b30-2e874876.jpg,539.9427448591017,92.96290907118056,62.073753482787055,254.0
00b04b30-501822fa.jpg,298.61745653053094,133.0663671875,48.628224493170926,254.0
00b1dfed-a89dbe2b.jpg,240.47048269732335,82.24316514756944,57.20153618206196,255.0
00b4c5fc-8fcf3628.jpg,21.526625021399987,15.230946180555556,18.425263283224236,255.0
00b56f41-e0e5d918.jpg,168.09336479567418,47.29609375,50.335982291134776,253.0
00b93c6e-6298aa25.jpg,122.22958439011634,30.497754991319443,35.84425674341308,255.0
00be7020-457a6db4.jpg,392.8271050650693,110.66371636284723,75.98358234180724,253.0
00beeb02-50440dcd.jpg,253.9166107005177,102.99712782118056,62.522065387912306,252.0
00beeb02-ba0790aa.jpg,359.82409240496514,106.746796875,69.43935150847157,254.0
00c12bd0-bb46e479.jpg,370.5656324263667,108.44041015625,69.46395988199939,255.0
00c17a92-d4803287.jpg,423.8960403442371,92.67147135416667,58.57126371049327,255.0
00c29c52-f9524f1e.jpg,453.1792169629509,104.8603396267361,59.3568389913151,251.0
00c41a61-4ba25ad4.jpg,400.697152313881,103.55170464409723,70.69215302544431,255.0
00c497ae-595d361b.jpg,70.02622933982451,49.56359917534722,33.681876725150396,254.0
00c4c672-26d36ad8.jpg,261.29928350573886,61.33493598090278,40.605693275109076,254.0
00c50078-6298b9c1.jpg,890.0986716365815,87.99055230034722,59.49226959749277,255.0
00c87627-b7f6f46c.jpg,185.29799367012689,90.19890950520833,65.76688712213895,255.0
00ca8821-17667a58.jpg,130.52197258729817,54.96657660590278,61.75232851915937,255.0
00ca8821-db8033d5.jpg,246.78021592575712,103.056591796875,60.01672513071171,255.0
00cb28b9-08a22af7.jpg,247.8773067544819,140.27911349826388,57.53970264980827,253.0
00ccf2e8-59a6bfc9.jpg,9.855082461844548,19.230180121527777,28.842577526919737,255.0
00ccf2e8-ac055be6.jpg,159.44098125861717,117.80889865451388,72.56619293602827,237.0
00ccf2e8-f8c69860.jpg,37.5313486946942,83.16322808159723,73.42790230158484,254.0
00ce6f6d-50bbee62.jpg,138.57288829367843,132.0959233940972,61.595652585300705,238.0
00ce8219-12c6d905.jpg,395.4844834760452,96.33769748263889,59.28351966890825,254.0
00ce8219-d0b5582e.jpg,473.2825684811617,86.20934136284723,64.49668299183307,254.0
00ce95b0-84be34a3.jpg,107.72046827075626,33.142711588541665,37.0480087363389,255.0
00cea101-06f21d5e.jpg,39.5104068315188,17.000614149305555,26.273741736402027,255.0
00cea101-293a30b5.jpg,19.09576265876557,13.206786024305556,17.443102817283354,255.0
00cee0e0-5e25daa7.jpg,24.212907944497942,52.19622178819444,47.93580410004793,255.0
00cef86b-204ea619.jpg,355.8951192620724,97.2415505642361,65.60471641481519,252.0
00cef86b-d8d105b9.jpg,524.7057261216859,126.17586805555555,57.24699443326534,250.0
00cf8e3d-3d27efb0.jpg,69.36434029354405,53.75069552951389,42.03577328838937,253.0
00cf8e3d-4683d983.jpg,71.84382896632326,39.163359375,36.18434844508265,255.0
00cf8e3d-773de15e.jpg,28.326454909261063,79.90452690972222,52.46318787847031,247.0
00cf8e3d-a7b4978c.jpg,55.540022449463955,32.605030381944445,30.792188226425978,255.0
00d0f034-6d666f7b.jpg,785.2381765902302,92.61606119791666,50.673486338837655,254.0
00d15d58-9197cde5.jpg,54.55294377836886,33.30458767361111,27.95080472178953,255.0
00d18b13-52d3e4c4.jpg,371.6475576440493,122.70039496527778,62.35127294015093,254.0
00d1bafa-1b47b41c.jpg,26.673213191731776,57.59796006944445,32.50705642821075,253.0
00d1bafa-6701fcd9.jpg,23.477692016995995,10.752928602430556,15.620784313090699,254.0
00d4b6b7-7d0a60bf.jpg,300.3682366265145,108.67172417534722,74.54912312453757,253.0
00d4b6b7-a0b1a3e0.jpg,253.75721951722986,109.46277669270833,45.59188161408666,233.0
00d5edb9-f0077df3.jpg,300.9498512920697,96.39464952256944,71.68094190294153,253.0
00d7268f-fd4487be.jpg,298.3943461237293,78.643681640625,66.08259135601246,255.0
00d77344-9fe25620.jpg,384.4718673550348,103.29413628472223,55.17566174298741,248.0
00d79c0a-23bea078.jpg,533.9647575322741,101.77228081597222,57.68998837369061,253.0
00d79c0a-a2b85ca4.jpg,926.6851455870626,100.02006184895833,57.92678019907793,255.0
00d84b1d-21e6fe01.jpg,18.6303308995553,7.267301432291666,17.161620245463514,255.0
00d8944b-e157478b.jpg,234.4236088048675,106.73532660590278,59.37323370062565,247.0
00d8d95a-47d98291.jpg,54.98708328623833,37.412547743055555,35.07759725997935,255.0
00d8d95a-74aa476a.jpg,91.53995876615552,45.23090060763889,31.933041634285818,254.0
00d9e313-038310a2.jpg,59.390519122558175,104.2336306423611,66.34564487771833,238.0
00d9e313-7d75bb18.jpg,170.20923932859515,115.944921875,64.99486575137325,240.0
00d9e313-926b6698.jpg,238.12791656489907,99.4205056423611,61.89570630740827,244.0
00db9030-5102ed41.jpg,56.81283960129418,40.395610894097224,28.28056999731268,255.0
00dc5030-237e7f71.jpg,383.06526548687503,66.83355577256944,57.36492960831316,255.0
00de601c-858a8a8d.jpg,122.66070001806571,150.7907150607639,72.48840616671227,255.0
00de601c-cfa2404b.jpg,192.10828757578534,114.60669053819444,70.53239675895811,254.0
00e02d60-54df99d1.jpg,94.65539914437285,47.515126953125,36.56467543259835,255.0
00e100a8-9c852617.jpg,20.261721940187762,14.937236328125,20.316492090640605,255.0
00e100a8-a5e1ece9.jpg,98.4863735668877,58.321956380208334,37.69179796458091,255.0
00e11419-e4eeba84.jpg,23.977507592659236,17.882830946180555,18.18635988020531,255.0
00e42886-b826e91d.jpg,206.21595353300188,52.827647569444444,49.37516288145526,249.0
00e42886-bd5ed543.jpg,170.14327850623894,26.81841796875,27.337867561174473,255.0
00e49ed1-9d41220c.jpg,65.5839160016366,23.063343098958335,34.42277244221348,255.0
00e4cae5-c0582574.jpg,261.86976524432043,120.28394205729167,58.99562112949551,254.0
00e5e793-22614772.jpg,14.525221354147828,10.764838324652779,14.31683748207627,255.0
00e5e793-f94de032.jpg,8.818015131037916,17.894933810763888,26.826269036987572,255.0
00e782b9-5fe9bffe.jpg,60.34056197366594,29.128912760416668,36.61487088540752,255.0
00e81dcc-b1dd9e7b.jpg,33.5219346443918,14.30787868923611,20.804783333186606,255.0
00e8c106-e197c4b1.jpg,57.07736283351639,29.731361762152776,27.687035093581397,255.0
00eb41b2-6bbff2ca.jpg,106.88060112575954,133.0161892361111,59.04148244921527,249.0
00ecf963-bea6bf0f.jpg,110.53817925119286,124.70514322916667,59.63862239947294,243.0
00ed2e85-82bdd22b.jpg,210.2613698484055,109.51967013888888,63.415907889915935,255.0
00ed2e85-95394dfd.jpg,157.5927173906856,113.57587673611111,64.8866049659376,254.0
00edfec7-4d92adef.jpg,36.69562499003469,15.981233723958333,21.02892576406187,255.0
00f0dd0f-1adbde75.jpg,52.631162990692516,142.08274956597222,80.34318279646985,248.0
00f0dd0f-5e9c9557.jpg,244.76987738921449,79.12057183159722,73.91237463742321,255.0
00f28fce-a799f8a1.jpg,57.210083531950715,19.7956640625,21.71998423435473,255.0
00f2b0d5-c84860fe.jpg,54.41799043499514,13.932203776041666,25.343080143911024,255.0
00f42f6b-5a20a4d2.jpg,903.4208524102063,121.84879231770833,55.11068658021526,255.0
00f42f6b-699a498c.jpg,956.2556868571521,134.48827365451388,55.500421936676055,255.0
00f42f6b-b1ca1f6c.jpg,372.2237375372888,105.76054904513889,66.3540555209216,253.0
00f7eac8-5193d600.jpg,349.58561738399925,102.14343858506945,62.46187289683442,255.0
00f89335-1825f637.jpg,376.89892213557545,83.2781662326389,71.70132470970728,254.0
00f89335-2ef7949d.jpg,312.5450945537695,83.45299045138889,61.27541339065847,254.0
00f8f875-bad0295f.jpg,215.24141275949364,98.498046875,64.48637510598888,255.0
00fba75b-5d18da26.jpg,276.3982829378858,89.45552191840278,71.2912007673914,252.0
00fbb190-8834f55b.jpg,183.2539625689425,105.93778754340278,60.588568951188755,254.0
00fc910e-bce87172.jpg,542.9967186138954,85.55553602430555,62.25779002841513,254.0
00fcfec9-7ba5dabf.jpg,482.1228119212775,90.43546983506944,61.654525007604825,254.0
00fcfec9-8accd82b.jpg,235.63323889786398,97.93346245659723,59.766439771600346,247.0
00ffeef4-75f6b5ec.jpg,19.44148870950863,16.443851996527776,20.581308904468404,255.0
00ffeef4-b105ce4d.jpg,24.158409285250997,7.910129123263889,16.505534223031603,255.0
00ffeef4-ea139a4e.jpg,59.668559552976845,32.27993055555555,36.98884058315628,255.0
0100a197-bdbf50ca.jpg,263.3361523289811,82.49198459201389,63.62427740181054,253.0
0102614a-75ae85cf.jpg,50.04462987300611,113.87433485243055,66.70969021351794,255.0
0102614a-fc165656.jpg,35.66571386254865,98.459990234375,62.579548601159665,255.0
01041028-15488454.jpg,258.59602596268724,102.90461046006945,62.44622534902234,242.0
01041028-187a2d1f.jpg,448.4649315449927,88.40659071180555,61.70922903679798,254.0
01041028-362385a9.jpg,206.36233829337107,69.20902452256945,60.37612813048282,254.0
0104a3f0-9294818d.jpg,697.7188278155281,91.15482855902778,58.867043387743955,254.0
0104eb19-162abfea.jpg,255.667536335128,102.84141167534722,74.6347526177383,253.0
0104eb19-718b1a9c.jpg,519.3267803648473,91.94827473958334,57.614595671524675,255.0
0104f3cf-0dbe2960.jpg,296.45322542769713,94.68835828993056,50.86269693554788,254.0
01051f5c-0ec95f5c.jpg,26.316412742313336,17.137284071180556,21.35777854825009,255.0
010526ea-7a0c620d.jpg,158.11796537525385,80.99807074652777,61.382668452058546,253.0
010526ea-98dc9803.jpg,421.4327304283412,109.77879231770834,57.88988846712306,255.0
010799f0-4d81c585.jpg,154.70277449916213,103.126474609375,64.81914323312985,255.0
01079b7f-2af154e7.jpg,42.00068666711383,17.97359157986111,24.629535971647517,255.0
01079b7f-54afc9ad.jpg,132.65450846115758,25.47890407986111,30.614231097219456,255.0
01079b7f-9d0e53c5.jpg,86.85683152712593,42.62901475694444,39.74177244059793,255.0
01094b4f-27d47f20.jpg,60.43799578376932,20.988778211805556,25.15129320438055,255.0
010a3063-55852e55.jpg,27.27666122464662,14.130447048611112,18.554862218645688,255.0
010a3063-d255402b.jpg,36.16528211228643,9.404809027777778,17.27865841924902,255.0
010b0600-47a9e3e0.jpg,162.04859156346734,36.46526150173611,42.864450256058326,255.0
010b0600-ae1f7be5.jpg,493.82745985242946,132.07077582465277,51.49906407701684,252.0
010b0600-f44aed15.jpg,132.51353077346894,40.54701931423611,39.03430497051679,255.0
010b452c-2636b85e.jpg,72.94945191249023,36.79074869791667,36.11007580398662,255.0
010d75f8-3eb08dc7.jpg,12.283669703938045,8.930120442708333,14.147260018209181,255.0
010d75f8-91f41ad8.jpg,160.2500310557789,78.04758572048611,56.40994849878579,251.0
010d75f8-fa119cd4.jpg,342.66615893884233,74.10642903645834,52.84639372932906,253.0
010fc651-19922861.jpg,453.9327416284337,96.06957899305556,65.65928220228486,252.0
010fc651-6bcbfd89.jpg,345.33081487316423,87.49242621527777,62.442623795148975,255.0
010fc651-7cf4bc7d.jpg,569.3880764166519,92.951162109375,59.0075568854646,255.0
0110b332-cc1282d2.jpg,82.51114684540435,42.70038736979166,39.3432693061176,255.0
0111122b-276d22b9.jpg,55.216663802083325,130.268720703125,72.12030357260151,247.0
0111523e-64c5acff.jpg,66.33861757721607,12.424986979166667,25.536716405314436,255.0
0111523e-a2170455.jpg,286.30513774484587,93.93816189236111,64.46458430829672,254.0
01118704-2d838d7f.jpg,295.6946179129707,127.20328559027777,65.19632156782873,255.0
01118704-e91b1b1c.jpg,141.2788126934852,124.03246853298612,72.7540501527778,251.0
01128d0a-031e0a61.jpg,124.71447804387292,45.93762803819445,40.3665096413326,255.0
0113faa5-8a0daa74.jpg,275.40408527947767,89.93533962673611,66.23975909959658,254.0
0114bdd0-f317da84.jpg,116.64538886879703,18.421895616319443,20.83752947242733,255.0
0115917e-14907a6a.jpg,233.05075520154108,112.66990017361111,50.5822453959449,253.0
011a2aa0-677a45ae.jpg,523.1956299287007,130.1136013454861,68.52050966455883,254.0
011ad6b2-1dfff443.jpg,929.0182135470811,100.05053059895833,69.02069596274103,255.0
011ad6b2-f34fd564.jpg,317.5821245630289,96.21740668402778,68.78648507863032,255.0
011aeca1-fe5af665.jpg,329.8017883615271,99.67471137152778,70.6293339303163,253.0
011b09ca-9529e701.jpg,37.16833304601126,22.923947482638887,23.890052053278435,255.0
011c1a10-d1b6a6a2.jpg,365.74937281591644,70.22395941840277,64.3107381145666,255.0
011d593a-89158b9d.jpg,276.2642062156948,113.11808702256944,62.04752357648289,249.0
011f8481-66729fb4.jpg,100.45294369200599,105.84033203125,53.146763830977775,249.0
011f8481-b14725fa.jpg,572.9980543183113,84.5115212673611,61.43074013042823,255.0
011f8556-41affeb2.jpg,162.59082114833788,119.87619357638889,75.08040537847315,252.0
011f8556-ca1f4828.jpg,411.7113259254551,106.18860785590277,65.33596788136757,255.0
01213e45-5edb70f0.jpg,179.0543276804183,29.37100368923611,30.854341494053475,255.0
0124dfa6-30a430dc.jpg,225.6924196940104,53.55915690104167,51.131745650050675,255.0
0124dfa6-385f1b58.jpg,363.6441568505924,87.07237521701389,62.10737841393103,254.0
01251d51-eb962582.jpg,464.50927160855383,98.86345052083334,67.88562504816989,253.0
0125b9f0-a8dec2ba.jpg,254.0666356469424,111.48760308159723,57.425322792988396,253.0
0127cb3a-6be24a50.jpg,10.129445365706781,11.907010633680555,16.64950581047257,243.0
0128cdde-1f72dcf1.jpg,24.850874371898318,34.42431423611111,29.97189693473761,255.0
0128cdde-289cd9e9.jpg,40.90708524338992,27.49259548611111,23.01257684404411,255.0
0128cdde-ba330f54.jpg,86.1248035769886,28.777837456597222,28.57414549418253,255.0
0128cdde-ce2cb20b.jpg,35.6878443284023,19.395463324652777,21.045297872325218,255.0
0128cdde-ea132b68.jpg,112.39516379696765,25.317948133680556,32.76445844039354,255.0
012979cd-e13274a9.jpg,60.87452265421077,34.20960069444445,30.768155453837775,254.0
0129ed1d-41528bb8.jpg,179.69327685680625,46.921596137152775,34.81999442089908,252.0
0129ed1d-d8572c11.jpg,19.605078997405965,12.861537543402777,19.582932847780558,255.0
0129ed1d-e672b72a.jpg,146.73170563014938,26.174676649305557,33.574646541876476,255.0
012a9c41-3c62334b.jpg,324.9102840528593,111.718642578125,69.83875828313866,254.0
012a9c41-69222e1b.jpg,257.2478764437347,82.24038411458334,57.68123579530252,254.0
012a9c41-692c9f06.jpg,664.4502304664844,99.51912434895833,61.38523040137108,255.0
012a9c41-9423165c.jpg,447.4779141607922,104.88591254340278,60.65110287407951,254.0
012a9c41-cef5b320.jpg,365.07513568284315,117.50168511284723,68.40890345742434,252.0
012a9c41-edad898c.jpg,236.8632098885807,86.43656792534722,56.98521250512144,254.0
012b2d03-bef11aa2.jpg,94.0985091103448,24.075631510416667,30.096971933149206,255.0
012c118a-93e8b511.jpg,25.80490555690131,19.240335286458333,17.753409370839858,255.0
012c118a-b3092f3b.jpg,30.035011883345955,16.61732204861111,19.426453761883668,255.0
012c8623-1782dc8b.jpg,281.05128562913,104.86630750868055,60.09870103158707,253.0
012d563d-30edbc0f.jpg,184.54294319486146,138.44580837673612,56.923182177130116,254.0
012e0351-723ac360.jpg,215.16403007719128,104.44233289930555,64.22806063575175,255.0
012e9465-1031243b.jpg,313.0687382775575,100.06593967013889,63.214181595781845,255.0
012f3428-f991fd5e.jpg,377.59966889696346,101.28121636284722,53.82858578496191,254.0
012fdff1-9d1d0d1d.jpg,29.754783587604102,91.978310546875,75.67785176434771,252.0
01306b58-1c8ac4c9.jpg,65.9778765040633,36.79361111111111,39.788041081314226,255.0
01306b58-a09ba743.jpg,38.318689177035104,28.11544704861111,25.695505960764063,255.0
01306b58-cf6faad9.jpg,36.70551105838233,16.826194661458334,18.53583560683279,255.0
013162b0-ddbabae8.jpg,727.945490806292,74.2009450954861,53.57038247636548,255.0
01317a31-6ea7d85d.jpg,69.48687820475898,51.90400607638889,33.73974210125191,255.0
0133af9c-0fe68717.jpg,18.616936848900632,13.245538194444444,21.486385831480256,255.0
0133af9c-7a0eae36.jpg,78.1277408446842,15.051733940972222,23.207623498391676,255.0
0133af9c-8a890e5d.jpg,57.46506054007449,17.792161458333332,27.47348950576241,255.0
0134102e-d43de666.jpg,27.338742343844885,29.344725477430554,27.773542473440973,254.0
0135988f-243a3367.jpg,53.18309022973616,23.367694227430555,28.213944572846028,255.0
0135988f-61d44844.jpg,30.543672731092233,21.674761284722223,23.266990761613354,255.0
0135988f-6e5c56c0.jpg,54.343493276326434,34.07643771701389,31.999945616697506,255.0
0135988f-9fcccf88.jpg,10.232816961047087,13.749182942708334,17.44715209409251,255.0
0135988f-d72fb455.jpg,101.80870368482334,34.14618815104166,44.235508277961095,255.0
0135c724-b8bd0434.jpg,105.59621419126601,19.499162326388888,28.215752412334083,255.0
0135c724-efe26d29.jpg,49.90847971385323,34.873154296875,35.159829703716355,255.0
013645c8-bb313ab4.jpg,253.0698979475185,116.77279405381944,59.55047602257526,255.0
013742f1-3a043a4e.jpg,14.662027963509972,9.82636501736111,12.0381683113383,255.0
013aba02-3fbd03ff.jpg,263.1094874315603,122.11322482638889,37.51521594100844,249.0
013ae324-36be6bc2.jpg,111.82035914644658,83.65763237847223,63.044234482033495,255.0
013ae324-9d336f91.jpg,225.47497444821462,104.144150390625,70.79975028618925,250.0
013ae324-a2d71df4.jpg,376.62560228029906,102.82759874131945,69.20228462167867,254.0
013ae324-e7ef50a2.jpg,337.54520012782984,122.50055338541667,67.2704710855789,251.0
013b7dd3-0b902c12.jpg,13.959429123697165,18.714514973958334,16.759543658418856,255.0
013b7dd3-80000bcd.jpg,29.95452026953049,19.300121527777776,24.536737018741867,255.0
014070bf-4de0af14.jpg,44.01282917747496,41.73357204861111,48.54957391874678,255.0
0141ab5f-fc9afdd2.jpg,516.372803605779,99.64939561631944,69.61734208805076,255.0
0141e71e-941b0b5d.jpg,416.5657752891527,107.38257486979167,63.06348673976326,253.0
014324ec-d139c447.jpg,426.8994323888695,91.66275390625,55.964388729538186,254.0
01440a35-e0b2f4a2.jpg,152.753714191266,29.286245659722223,33.74484199348614,255.0
014474aa-accf35e1.jpg,149.11262885985082,132.80419162326388,49.883881005890146,248.0
0145b233-ee9c5b63.jpg,74.27532114069432,46.45880425347222,37.801091368367054,253.0
01460ec4-0233fef9.jpg,211.165092129506,39.408434244791664,34.8024884778968,254.0
01460ec4-41af799a.jpg,309.22084008244656,53.369873046875,36.435441124370364,255.0
01460ec4-522da2d6.jpg,239.4457143453798,59.703655598958335,38.768814793922765,254.0
01460ec4-a12a1552.jpg,295.07141730617485,56.65075954861111,35.49594111107051,255.0
01460ec4-a1d65b66.jpg,294.69975337209684,61.68599066840278,43.108712623851936,254.0
01460ec4-ae03e419.jpg,399.79943825233244,59.62485677083333,38.16876826485525,255.0
01460ec4-b50591be.jpg,380.54699753655194,41.08937934027778,34.563403199925425,254.0
01461010-eeca4bf2.jpg,422.58599434134413,100.1902810329861,62.77322885083568,255.0
0149d509-819eec9c.jpg,323.0552408589256,111.61499674479167,56.28789027212587,251.0
0149d925-c319ce50.jpg,609.7856984313916,108.4151584201389,55.89436281141262,253.0
014b8fc3-532a0660.jpg,467.5515454073256,120.79913736979167,62.684432359532224,254.0
014c3c65-3e7539a0.jpg,48.8942328388308,35.21454752604166,32.830895854579985,255.0
014d895c-70b158b8.jpg,110.07608321380503,92.86673502604167,61.87361603912833,253.0
014e76d7-a0c222bc.jpg,644.9379612043165,134.76563910590278,67.69591469520869,253.0
014e76d7-afb481a3.jpg,258.6569672289237,66.67090386284723,71.67876653992893,254.0
014ed2a6-663177f6.jpg,318.744085004923,137.57344075520834,60.863517441296494,255.0
014f61f0-c93a2f84.jpg,224.89286011945939,97.83645941840278,67.70635450896098,252.0
014f813e-ea18f067.jpg,191.79189632198074,78.81829752604166,61.592341925115456,255.0
014f813e-f026867d.jpg,329.66557725588507,92.12798177083333,55.30921701264403,254.0
015322bd-f004369e.jpg,28.88879882345199,15.568715277777779,21.32065124951992,255.0
01534bbe-6b88ae77.jpg,60.01566297737285,25.612416449652777,31.040720086912764,255.0
0153f03b-3b26c404.jpg,265.44880576486474,111.38437065972222,55.18797010537889,253.0
0153f03b-8fbdc1ad.jpg,303.47615446128844,100.56797092013889,60.39419912851031,254.0
01551335-542af6dd.jpg,15.086118702771932,12.885741102430556,19.834881532705936,255.0
015a7c97-9aa3e05d.jpg,41.48602646295995,19.624351128472224,26.575319641610935,255.0
015af63d-7af26e37.jpg,50.23108181067457,12.783668619791667,19.380514582492413,255.0
015af63d-df1ef690.jpg,20.277396917120615,19.192428385416665,17.73684978343384,255.0
015b88d3-48cc2dc4.jpg,168.36713432721618,54.53193467881945,50.28077662026911,255.0
015b88d3-888cc0b1.jpg,177.28256397057882,22.70004123263889,30.79485737722643,255.0
015bbc07-91083530.jpg,160.81709451873095,97.85394856770833,64.80843704058951,253.0
015cbf2d-1b0ecee0.jpg,57.2250828211172,43.693324652777775,41.834460446786764,254.0
015ccf71-4b65f4bf.jpg,247.31965527603236,120.0557888454861,56.3657906278224,240.0
015ccf71-56e8d5b8.jpg,221.46045043097132,99.14620876736112,58.22767450154143,247.0
015e6ee5-bff02c40.jpg,99.4392263453437,35.61976345486111,36.293280843785,255.0
015f02db-2f4f2353.jpg,95.17138945015681,36.210682508680556,36.51812760095312,254.0
015f02db-80d95c9f.jpg,67.73325093262163,37.196962890625,34.51524343224925,255.0
015f23ad-5049df48.jpg,50.302670184993715,29.302994791666666,36.785416957721786,255.0
015fcc2d-2d44d478.jpg,126.14512425078286,104.01418619791667,75.42820424615982,254.0
015fe6c9-48a58255.jpg,410.94379206093583,107.29892795138889,44.268244063261214,254.0
015fe6c9-e880c0d7.jpg,288.2410680989583,122.18204318576389,48.9868917973044,249.0
01621265-578a97d7.jpg,78.49680652674802,88.34519856770834,63.66016148435751,252.0
01632f31-ab7e17e3.jpg,709.27963472646,114.50884874131944,56.903129717966976,254.0
01638325-504ab42d.jpg,39.90366469877269,48.461307508680555,48.8624874784186,252.0
01638325-901cd4f5.jpg,164.53081950920483,33.205319010416666,38.873647388577545,255.0
01638325-c0f998fd.jpg,83.89366206368224,42.62033637152778,32.22375894717228,251.0
01638325-eb95ed3a.jpg,66.33011603851205,56.798785807291665,57.29419528549892,255.0
0166faa5-5fbc53c5.jpg,502.5876355459322,97.07305230034723,55.56229948518959,254.0
01688cf2-237fbd49.jpg,160.07894051378037,124.09679036458333,61.2295089209583,252.0
01688cf2-82391195.jpg,180.67523790027005,143.23224066840277,56.375846375077295,249.0
0168e22b-175c805f.jpg,486.1519419050803,70.34969509548611,65.547184383907,254.0
0168e22b-7f034886.jpg,461.6277774929283,102.43097330729167,49.44087181298682,246.0
0168e22b-81d10cb6.jpg,90.9751497881277,86.284951171875,81.60619596133186,254.0
0168e22b-dad440f5.jpg,529.3655913420206,86.25219401041667,58.74435829667437,254.0
0168e22b-fe7ec19d.jpg,54.323611084620104,16.72887478298611,26.852211009996548,255.0
016a3756-afd08730.jpg,278.5750038188405,115.31460828993056,57.469567226990556,250.0
016a63d6-582c4677.jpg,89.22714081224868,34.56275607638889,44.30471845902989,255.0
016a73c3-ee66beda.jpg,30.596946614583334,16.778522135416665,20.23391967170953,254.0
016c5aac-f5e49c84.jpg,201.77657025009785,103.95902126736111,54.43802982422103,253.0
01705c36-8993db9f.jpg,114.37871834176973,104.94113389756944,58.97184832450164,255.0
017078a5-baa7a0e4.jpg,22.617464973939487,15.871773003472223,21.430949682138067,255.0
0171a405-03235e12.jpg,272.82072354436696,109.26318576388888,61.03997505270003,249.0
01746216-721df8d4.jpg,168.6628292701145,82.97013888888888,63.16527588053458,253.0
01746216-8d8edd01.jpg,152.24576625464985,79.22087022569444,73.95980798839467,253.0
01746216-f3e9e455.jpg,151.02153765883162,100.56317057291666,49.33369831491082,236.0
01759047-d88724fe.jpg,32.790675997528034,12.019728732638889,17.149255787303378,255.0
01762203-e12f3f9f.jpg,533.1270685913827,107.04200737847222,60.834971936107266,254.0
01781c36-25e044bd.jpg,184.9209748272884,110.956806640625,54.90833327011582,243.0
0178ff32-d94d3509.jpg,221.13188600944122,156.0210546875,60.43040766381947,252.0
017b02cb-477b66fa.jpg,71.19431476131015,39.74425347222222,39.61502697137408,255.0
017b02cb-8a659756.jpg,44.991015328296605,31.826955295138887,24.153139829078878,255.0
017bc60b-45528fb9.jpg,101.2001080974049,55.054508463541666,44.74603017636779,255.0
017bec14-1c6f8718.jpg,24.222858458199905,110.96260633680555,68.14225029543026,237.0
017bec14-5638318f.jpg,34.40851369127696,80.59966905381944,66.11297923336205,254.0
017bec14-8512b7fd.jpg,408.5331591126994,107.176279296875,68.04114193097404,255.0
017e2d3b-765af5a6.jpg,462.9369986173546,105.08340386284722,61.8619503298544,252.0
017e2d3b-acac71ff.jpg,288.8660819566327,100.269765625,53.993248034160715,249.0
01818f85-516d8d03.jpg,263.4722243914381,91.68294921875,57.30990167819703,254.0
01818f85-6397dd75.jpg,201.20727107789668,71.04720811631944,70.3087867006861,255.0
0182320b-bb377e4e.jpg,427.7163036465068,115.72639214409722,56.28325158063855,253.0
0183d6f9-806f64bd.jpg,597.0967914494538,94.45989149305555,67.95401821055506,255.0
0184a4be-c7a32fbc.jpg,251.5821255882156,43.752903645833335,53.01636722175291,255.0
01853f47-6975b587.jpg,69.88269747178818,22.689560546875,26.455916924638505,255.0
0185631d-eabb8700.jpg,220.15345117831635,100.94501193576389,49.67564710968461,248.0
018988f9-0225fc55.jpg,80.10969591602749,26.41395941840278,33.29160108025849,255.0
018aca44-9a616a49.jpg,3.2211034032079913,16.483253038194444,22.031122623927278,254.0
018bf09d-cd788942.jpg,72.58316145535575,103.42779079861111,69.62227664156671,251.0
018d962a-fd869a57.jpg,50.020796339204566,48.42044053819444,39.28232005610099,255.0
018f06cd-834da3b3.jpg,18.02549362140114,163.32210286458334,55.77199496989247,210.0
018f1d4d-0937fae5.jpg,198.59429728698262,136.48341362847222,58.53395373327538,251.0
019167dd-0f84c4b3.jpg,509.3314868288573,95.65722005208333,57.51751842658413,253.0
0193a01e-90028c79.jpg,261.34441415752735,118.89527994791666,48.352961795044706,252.0
019539db-cc36496e.jpg,351.4955686007606,90.44724066840278,66.94529274559345,252.0
019539db-fe9960ba.jpg,242.16107595651434,123.01160373263889,60.92777285176527,248.0
019588c0-90390013.jpg,27.407774236409477,51.20152452256944,44.4649062919966,255.0
019588c0-aa3dbd00.jpg,399.12273793515334,125.27694769965278,59.63425372095585,241.0
019588c0-f482aa5e.jpg,68.44700476157107,47.181889105902776,24.483848114213785,252.0
0195c13b-01c07d6a.jpg,18.977227627364506,18.216031901041667,18.55140305370823,255.0
019666dd-b8236d7f.jpg,149.13606976822743,33.47399848090278,39.23874129325051,255.0
01981fe5-b484769f.jpg,418.02397774701524,119.23107421875,57.23313359264808,252.0
01983d1d-10abe0ba.jpg,32.08246623385277,12.000840928819445,17.94271551004574,255.0
0199e7fc-0b6d1a35.jpg,498.97812593669056,106.10096245659722,52.76487804790686,253.0
019b6143-8c8d343e.jpg,331.25276248867823,92.76475477430556,58.643068414364556,255.0
019c4fa9-d4219327.jpg,387.7290054386092,101.9857150607639,49.67935123757851,254.0
019c4fa9-f05e5f04.jpg,615.031896960558,76.54279622395833,56.49955335363547,254.0
019c8305-0bb153d0.jpg,350.7571835133764,120.35009114583333,74.87757723427177,252.0
019c8305-3a3be0d6.jpg,273.4282157359889,145.40272135416666,64.46779893377051,252.0
019cd27a-04f32671.jpg,276.0002182388117,111.4829275173611,70.1487619533119,250.0
019cd27a-9ad90d04.jpg,300.0029642213421,91.42003255208333,57.686732800805935,253.0
019cd27a-b3c5617d.jpg,133.02160099543343,113.44628038194445,56.852222301409526,254.0
019cd27a-d1b82c8d.jpg,442.2281458362895,107.62143663194445,60.04193510033084,254.0
019d0e2f-26b8c896.jpg,514.3344644247819,99.71590386284723,58.79612460671651,255.0
019d2681-83c5bf22.jpg,285.62592065598756,81.46869357638889,58.00151291080745,254.0
019d6206-d5de804a.jpg,463.9251286721396,114.52982855902778,63.35522644498994,255.0
019efe88-bbc2a4ac.jpg,493.363648140759,95.20673719618055,60.05453378898153,254.0
01a01af7-76f6a476.jpg,185.50975564205964,100.79507161458334,55.03209169508293,255.0
01a0fe55-298688cb.jpg,299.1237735189923,109.53601128472222,54.899900474508904,254.0
01a4075d-544ddc3c.jpg,266.90052930421706,80.96078233506944,65.08197521420236,252.0
01a42c06-6c608165.jpg,147.39741959461634,34.513186848958334,38.364915145583836,254.0
01a4933a-252e566a.jpg,60.16160894067083,122.56865342881945,48.333266839808175,210.0
01a4deab-0f7d41cc.jpg,184.68920354629336,116.2694140625,71.38505501333854,255.0
01a4deab-40dbb1f3.jpg,376.88694638456684,81.04304144965278,50.763425586255714,255.0
01a4deab-6b02cc77.jpg,254.55320272224222,71.65724283854166,70.33761411947087,255.0
01a4deab-9d5e5a17.jpg,78.61775139278834,94.107802734375,71.16712874229852,252.0
01a4deab-b691805a.jpg,77.58629986419677,25.629876302083332,33.661056163237504,255.0
01a4deab-ece02859.jpg,386.9918084687116,100.51231662326389,70.36788197142602,253.0
01a4deab-fd589c6f.jpg,509.38476963455304,101.52028211805556,68.12005812292303,253.0
01a54273-6df5e1d3.jpg,262.63836562974245,61.31116644965278,60.481238890162246,255.0
01a6daec-e8c923a8.jpg,46.87984154583495,29.324384765625,26.429978884884257,255.0
01a70d82-75ba2bd6.jpg,344.9566208941036,98.118857421875,65.13631982252791,255.0
01a70d82-eaaaf673.jpg,43.76420789702617,34.025009765625,24.83389716724621,255.0
01a78dfd-ba2fca5e.jpg,433.0805555251499,98.02057291666667,64.14872975369072,253.0
01a842a8-2cf8634e.jpg,401.6702024659887,117.07596571180555,59.93798970842298,253.0
01a8723d-6477ce11.jpg,27.685074867407447,21.443784722222222,19.646162168037353,254.0
01a8723d-89a1953a.jpg,63.37268227471244,27.189295789930554,31.11763410238569,255.0
01a8723d-b7f960ce.jpg,50.24000859599172,31.67790256076389,32.551254555877144,255.0
01aa2961-e390a466.jpg,22.852265139728118,23.361146918402778,23.58607328633273,254.0
01ab0f6d-a46b9d78.jpg,299.46431831630656,121.17002170138889,53.798694300323554,251.0
01ab0f6d-b377cd7c.jpg,381.43642014920147,110.53088433159722,66.87198416859015,253.0
01ab0f6d-b74b888d.jpg,265.4399705848118,116.18486545138889,53.26533496938041,254.0
01ad8d8a-49bb0c93.jpg,206.37355226639633,62.45135199652778,42.783039322659846,252.0
01aeb4e2-7d6000f2.jpg,260.19625520866174,104.42140842013889,63.28226548921039,253.0
01af2f91-38757150.jpg,355.2596761387529,108.08303059895833,63.087055026785194,254.0
01af2f91-3eacda83.jpg,313.27716408095057,92.99992296006944,64.34746224480415,255.0
01af2f91-7bd5e6c9.jpg,331.09748588559074,110.33786566840278,66.36067854135409,248.0
01b0505f-5f564e84.jpg,341.1387582337934,125.10596462673611,52.80905265717448,248.0
01b4e4b9-e21fe0a3.jpg,687.4535868931476,103.09461697048611,67.97755909146348,253.0
01b4e4b9-fc7a5264.jpg,520.0708679921844,123.43498263888888,70.65521188976224,253.0
01b633a2-5c2fee2e.jpg,36.2540493231691,101.64260633680556,63.12579035378757,254.0
01b9efbe-ac6e1c8c.jpg,132.65756943532682,33.073315972222225,41.99303097907894,255.0
01bb1cc0-cea208cc.jpg,186.32481452067694,110.82822808159722,59.209966226369694,252.0
01bc8687-63878241.jpg,89.79308467609617,142.70301649305554,54.468472675854905,249.0
01bc8687-ad6aee3c.jpg,193.725658238106,133.54753472222222,59.65905704645697,254.0
01bfe142-2d54e71b.jpg,30.98457681922441,24.42552191840278,33.76371126927672,255.0
01bfe142-6e234db0.jpg,126.70547298146943,58.23858181423611,43.77923579644854,255.0
01bfe142-adaf8017.jpg,78.69136066754662,22.030404730902777,27.477132400161754,255.0
01c2135d-01175da1.jpg,281.5853556337662,90.72589952256945,66.15637757332586,253.0
01c231b4-1ebf841a.jpg,236.98212087409752,91.19032443576388,72.86140252113597,254.0
01c2e726-414a03ea.jpg,378.11424204771123,101.99465928819444,55.353876921375594,254.0
01c2e726-c3a655b2.jpg,415.5992402573148,96.33479600694444,53.42755360813745,254.0
01c3e19a-fbacb266.jpg,23.659523322539865,16.809289279513887,22.524436091009395,255.0
01c3e892-13e4048a.jpg,11.997680120322144,27.27855685763889,26.77447465185111,254.0
01c3e892-551000a2.jpg,24.647027985465687,10.807642144097223,21.386453903455976,255.0
01c3e892-a4a8f9ec.jpg,11.817952473533298,11.442823350694445,14.983296006426315,255.0
01c3e892-c0641182.jpg,13.025735671639147,33.173970269097225,51.20498590747492,255.0
01c4035b-14d887ca.jpg,408.7299698948566,126.87012152777778,57.482618033107116,253.0
01c4035b-bcaeb067.jpg,317.2940565567006,126.24940755208333,56.56501088538073,254.0
01c5cd64-192464e1.jpg,537.8555247278273,63.27002061631944,50.33845101625319,254.0
01c5cd64-278f8b91.jpg,266.73117732370173,123.44804036458333,55.74606573862568,249.0
01c5cd64-6e208afd.jpg,432.6136987240215,84.13389865451389,58.21637795396704,254.0
01c5cd64-76bf9abb.jpg,621.6045631272636,96.2629220920139,51.616413760543004,255.0
01c5fd90-949d2d90.jpg,188.60948023616544,139.08050021701388,69.87290477728406,248.0
01c6a5ce-7dba0d93.jpg,614.4240276599976,126.71148546006944,74.06099141708428,249.0
01c71072-718028b8.jpg,335.4622939342923,100.23879665798611,63.47802266761163,254.0
01c88f41-3ddab5b5.jpg,48.727125341192874,23.880926649305554,27.336591863231167,255.0
01c9256f-b4754064.jpg,182.46586696237497,110.24922309027778,45.70194222642993,251.0
01c9d396-c1de70b1.jpg,312.3373434975518,127.71455729166667,65.39620407385499,254.0
01ca43f9-d9cae3f4.jpg,195.13719487064387,89.2945290798611,51.4390557009539,249.0
01ccbe43-9852f803.jpg,24.821163193973494,17.293497178819443,23.18808020548692,255.0
01cce42a-cd2acad5.jpg,761.1863831488712,96.43770616319445,64.70426069187991,255.0
01cde341-bde786dc.jpg,387.1807028367362,118.13487521701389,56.81419066703137,254.0
01cde341-fe529a98.jpg,544.299222751024,119.88490017361111,58.56244542152176,254.0
01ce3717-4aa554ab.jpg,732.4830142124499,107.09486002604167,62.731324568253875,255.0
01ce75e2-df9688eb.jpg,44.17458441430436,24.55223090277778,27.438319317787638,255.0
01ce75e2-fc93bd7e.jpg,18.38511714318829,15.713857421875,22.29093536151643,255.0
01ce9ed7-51ffbb0e.jpg,90.07189346953496,79.1645974392361,43.476037819668356,255.0
01d07f62-a9eec120.jpg,30.12396363124023,33.66792209201389,42.76966017226318,255.0
01d07f62-d1b665f0.jpg,41.97903103298494,19.19787109375,22.46695462574441,255.0
01d0c813-48d4fcd8.jpg,64.51904181068207,15.408824869791667,21.78049747692094,255.0
01d0c813-93e6e4f8.jpg,100.54377571591509,23.00930447048611,35.1882103369404,255.0
01d0c813-d40ec94f.jpg,71.78276148214339,20.065435112847222,23.194780905586487,255.0
01d0c813-e334c048.jpg,75.73496093561624,35.18672743055556,35.92435940991171,255.0
01d0c813-f2819e84.jpg,132.9241156774262,49.22736111111111,41.15996679283112,255.0
01d250e0-8352d1f1.jpg,136.6126692653892,42.976893446180554,40.74634245879576,255.0
01d25bbc-a9f903ba.jpg,31.024284915159956,28.4730859375,28.01026067623436,255.0
01d373c7-45710346.jpg,19.67043397878011,14.825218098958333,20.923091002391583,255.0
01d3a4d7-0ccd66c3.jpg,62.38994235280237,15.099152560763889,23.690704684140407,255.0
01d3a4d7-7940d3f0.jpg,225.79436946077584,93.94342013888888,63.635312241584074,255.0
01d3a4d7-92c0537c.jpg,297.83558158589005,92.01258138020833,67.2730811466266,255.0
01d3a4d7-aaf41e75.jpg,71.04515274457458,29.92091796875,33.38943658103564,255.0
01d3a4d7-b6a3dfb5.jpg,84.0237862580429,29.157472873263888,38.149086076646995,255.0
01d3a4d7-c76b7e73.jpg,256.075901978368,88.10046549479166,64.36612115988295,255.0
01d3a4d7-e7384cb9.jpg,253.18379901292468,111.65353949652778,58.071139582807575,255.0
01d87368-2ac1d81d.jpg,40.0735069402059,19.161307508680554,27.88543201469765,255.0
01d87368-a0c0bc84.jpg,90.41506614261088,22.470320095486112,28.938885184133998,255.0
01d933a6-c1f361fb.jpg,176.24860811539642,104.22767578125,53.87231798095762,254.0
01dad8ea-6732167c.jpg,101.114853011886,50.95671766493056,37.7141629430099,255.0
01dad8ea-c6deb141.jpg,173.51881980425048,33.02720594618056,37.01328547589599,255.0
01dc1bbe-8919b3d8.jpg,425.47456156184813,99.82504557291666,61.69585875326324,253.0
01dc1bbe-b5109eb3.jpg,227.40318358830586,120.12639539930555,68.37076135096038,251.0
01dc8414-3e5938b1.jpg,27.71726236979048,16.89059353298611,18.039646299240783,255.0
01dd2e02-3bd0526b.jpg,69.94240338764777,22.54728732638889,25.36699760109934,255.0
01dd2e02-88356eaa.jpg,44.900177944588386,21.51533962673611,34.256314793589794,255.0
01dd5d9a-4501cd3a.jpg,673.5149912213175,85.41635308159722,65.07961851979947,255.0
01df5158-81b61006.jpg,90.56912079467772,39.639546440972225,34.82165797360022,254.0
01dfa9c5-8e06d106.jpg,195.4333828254936,33.58937065972222,40.57813486815574,255.0
01e0535c-fe710ab9.jpg,420.13011994373556,93.07448893229167,61.21614621583722,255.0
01e05a91-2c9e154d.jpg,31.206708111561678,15.849166666666667,22.73953349169984,255.0
01e57e3f-94948016.jpg,24.48090277730682,11.351424696180555,19.29372514298325,255.0
01e5bbac-330a3c37.jpg,270.2448514946642,114.05519639756945,58.7368535011629,250.0
01e6281b-5be21c14.jpg,48.220927734175994,14.58645290798611,18.816834814135944,255.0
01e7437e-030183d9.jpg,133.2425007142621,113.53802191840278,59.0082788086739,252.0
01e87cf1-25268f60.jpg,71.89621198568346,37.049161241319446,36.68020920084614,255.0
01e9deb7-ed388859.jpg,341.6986962191253,80.95101888020834,54.70522843538461,253.0
01ea515d-3dc73413.jpg,394.55665927734367,98.42389865451389,60.486337779514955,255.0
01eaedc9-a79a93e0.jpg,541.0081050497503,90.2372580295139,59.092435433177954,255.0
01eb2be1-84bd2126.jpg,156.066677393765,43.792826605902775,40.061326620566476,255.0
01eb2be1-ca02b2ac.jpg,50.41598629369739,26.978959418402777,23.964910714037163,255.0
01ebc74a-5c69af71.jpg,95.19614445509616,63.28446831597222,41.73569636151624,252.0
01ec6367-7092c37b.jpg,96.64035823583598,58.45263888888889,38.96411352483012,255.0
01ed3f01-33091fbe.jpg,324.42827980092267,115.18762586805556,58.67355284519662,252.0
01ed3f01-c4dd8d1d.jpg,686.7270144414535,123.24499891493056,60.38992154479253,254.0
01ee7c33-667e3aa0.jpg,476.1406620042579,113.76155707465277,57.00426617545615,249.0
01ef5ee9-5fb62089.jpg,520.8551232448049,87.60602105034722,65.62873693716372,254.0
01f087ee-aa19ac33.jpg,25.624882810008668,12.943985460069445,17.407552357565546,255.0
01f087ee-e1c08372.jpg,23.172029077977307,17.43380859375,18.60656380925872,255.0
01f2af00-195831fa.jpg,225.93687505577822,36.021885850694446,36.498427753463815,255.0
01f2bc5a-5a845805.jpg,610.6088671115403,87.76662760416667,65.78904007712309,255.0
01f5086d-7820a48d.jpg,701.3862755614284,85.5505197482639,65.64401029094698,255.0
01f54fd9-6fd0dab3.jpg,56.780989540830056,16.41682400173611,25.164886072492102,255.0
01f618c6-82cfe9c3.jpg,304.9540815579967,96.74801432291666,70.64397077565205,254.0
01f7bbd1-2f36d7a2.jpg,68.7225412030526,91.56648763020833,60.368628315460036,254.0
01f7bbd1-6fbaad8c.jpg,135.69684766458462,111.24613064236111,61.64417144249643,251.0
01f9b5f2-b15a9c4e.jpg,193.928343331032,110.64255425347223,65.76365424724727,250.0
01fa5cc7-c41fe747.jpg,110.67183905189299,86.63140842013888,79.93902029527312,255.0
01fa77d0-e86c6400.jpg,158.71115341949348,25.907438151041667,30.576851305079405,255.0
01fbf6af-9d47ed83.jpg,172.56162420057967,117.51866536458333,71.8862823943667,254.0
01fe8b93-102f9fe0.jpg,494.9279285769889,120.80072808159723,69.00104073817148,253.0
01ff2210-403e7e0f.jpg,305.50631715976925,109.41809895833333,52.37619262130548,252.0
01ff2210-c4cd7f4f.jpg,369.33685266429273,104.86622504340278,48.33373199690702,250.0
01ff4acd-abd98a91.jpg,116.49276502504586,94.38264431423612,53.39280775457799,253.0
01ff4acd-b2311e18.jpg,54.53848849416542,87.68444010416667,43.31444949706035,245.0
01ff9753-487eb0bd.jpg,211.54614653721444,96.32586588541666,53.94322802372108,253.0
02006c28-c2c5e796.jpg,264.73054756823876,45.87420138888889,38.69247521484131,255.0
02006c28-dbd5e8e9.jpg,70.04286888287861,46.164347873263885,39.8738812862552,254.0
0204aad7-05dbee41.jpg,566.139988072684,96.94572265625,66.73469667723005,255.0
0204aad7-4ebd19fa.jpg,864.0554529345186,104.61734592013889,65.47677373520959,254.0
0204aad7-8ad8ba92.jpg,772.0566510738744,100.21480794270833,63.422335917784025,254.0
0204aad7-9e1e915e.jpg,391.1718797506531,99.42660698784722,68.91798163052076,255.0
0204aad7-ce83492d.jpg,822.8183977884825,100.09450303819445,68.02120212183391,255.0
0204aad7-eeb13c43.jpg,517.4138490568273,93.74288628472222,63.32135914561399,255.0
02065c11-0966f65d.jpg,23.202432584743736,19.838024088541665,22.092179333851103,255.0
02065c11-194478e8.jpg,15.120481483511275,15.73251736111111,17.348353065336187,254.0
02065c11-dbd5d35b.jpg,54.42517571455872,15.774745008680556,20.87657707756097,255.0
02086f50-c1e5d802.jpg,45.17766678477628,26.41953667534722,35.1854731512748,255.0
02097021-05dcbf23.jpg,351.3948332551449,86.81499565972223,63.801802982036975,255.0
02097021-183ed3b9.jpg,35.079458534230135,13.31875,22.526204888618672,255.0
02097021-295d2161.jpg,264.01153562757696,90.77852322048611,58.20065859530079,253.0
0209c510-5ef87f7a.jpg,800.031137177502,100.50539279513889,65.59685621051119,255.0
020adf31-972bcf64.jpg,68.52561740448446,54.349110243055556,56.919584319190555,255.0
020c83ef-ae7ac282.jpg,169.36284030196106,89.29789713541666,80.0184499037881,255.0
020cc8f8-8b679d0b.jpg,418.10832149130744,104.83307725694445,65.66005306619459,255.0
020fb8c8-9a194dc3.jpg,321.81107409085746,85.48046440972222,64.34719243564786,254.0
021009a2-432c266f.jpg,422.0038914964038,96.81420789930556,60.252735191431704,255.0
0210494e-d9c8ceee.jpg,635.2955211164261,104.15672743055555,77.68426270888861,255.0
0210896b-897931be.jpg,260.5219761538611,86.96377061631945,60.47822140273028,253.0
0210896b-e54d48dc.jpg,177.26366315961295,140.06122938368057,71.33192813342193,251.0
02124b78-5bae69c1.jpg,329.44464121056865,86.21618055555555,58.17298551215983,254.0
02124b78-9823f8fc.jpg,307.6078905769585,96.2013671875,64.83262831562018,255.0
021329f5-28a4b3ef.jpg,171.82052721862325,103.61427300347222,64.91780275746986,255.0
02133057-fc70cc0e.jpg,200.00866741160513,91.25467339409722,62.07281303631934,255.0
02139a84-359b2b17.jpg,25.26353298458523,22.675526258680556,24.796168139884088,255.0
02162021-ff5ac522.jpg,357.59563547075066,91.717216796875,62.33165663496906,255.0
02172d82-354cb4fd.jpg,466.0724788376595,64.59426106770833,58.48313994494365,254.0
0217af10-63bbd387.jpg,43.518877828522676,22.76719184027778,21.71820971581388,255.0
02188a44-65ad27f3.jpg,259.9740056554052,113.53042643229166,49.36505511235764,244.0
0218c5b0-145d6bbf.jpg,344.8097589498967,88.75567491319444,50.358217510918294,254.0
0218c5b0-ad70f9a0.jpg,191.0408018593388,132.72806749131945,66.45861353110182,236.0
02191150-4615d36f.jpg,873.7387299049468,109.57381510416667,57.46954279506193,254.0
021a0cdd-baff0e6d.jpg,155.06641610416372,35.773045789930556,38.278980361154574,255.0
021a0cdd-d147efa6.jpg,167.4531378472221,65.44055989583333,69.76485097299168,255.0
021c0ade-877a81e9.jpg,234.23406034562734,97.54537760416666,67.09476227620763,255.0
021c4a16-1c50e818.jpg,968.3298477995121,117.46529405381945,46.166484937902794,254.0
021c4a16-f3a34ff5.jpg,506.58695634332247,97.60484483506944,69.24201826563157,254.0
021c4a16-f4d18785.jpg,488.7572992578189,100.74947482638889,56.850668289539456,254.0
021cb34f-455d80a0.jpg,262.66055227132625,86.86816840277778,62.775793111079956,254.0
021df36f-9dc059b8.jpg,119.51634765472419,87.30501519097223,52.53836542154032,255.0
021df36f-cddde256.jpg,123.12349811299174,80.35048611111111,61.480244489082075,254.0
021f503c-012d941f.jpg,50.406004699537476,43.93798936631944,50.23095789477638,253.0
02205e0f-20f9ad20.jpg,379.6983587673612,120.12274956597223,72.77249382165779,255.0
02207cae-1e3da672.jpg,155.6539769816034,88.11548177083333,56.099029130124414,255.0
0224ccfa-4551648a.jpg,172.4300581894438,116.18897786458334,76.15042455975268,241.0
02250ece-2d6bfd5b.jpg,740.024661561979,87.44978515625,63.90142813374338,255.0
02269962-0e3f5114.jpg,533.6041849915293,66.77685004340277,61.787758002287966,255.0
0226f407-491ed238.jpg,74.2668706459893,64.54231987847223,43.339641636184375,255.0
0226f407-513227af.jpg,72.34718532981873,27.31488823784722,37.614607595396386,255.0
022752db-62708ac2.jpg,51.46061522970198,25.364002821180556,27.356650861302715,255.0
022752db-86f73c57.jpg,40.01283092535394,9.886737196180556,21.61273828191327,255.0
022752db-c14a9ac5.jpg,24.020856066375305,12.322600911458334,20.042792296807544,255.0
022752db-f5e0179c.jpg,63.216847802591865,17.119798177083332,26.536068785218554,255.0
0229511f-d0010bf0.jpg,103.20184110497368,103.48525065104167,55.83911962313309,247.0
0229e497-f4eed706.jpg,44.85218096309239,37.66815321180555,35.219854212466004,255.0
022aca7c-9e9a3905.jpg,24.95106010928566,30.128938802083333,35.56654085435278,255.0
022adec2-4c80aaf7.jpg,276.47691915172874,104.94661024305556,64.01420066970354,249.0
022b6d4c-b3fc30be.jpg,152.8122394319216,85.491416015625,73.0881038809968,255.0
022ba62d-853f4ad1.jpg,205.62637261105647,57.41701605902778,70.02148832780716,255.0
022bf1ed-b3675f44.jpg,45.959052703856266,38.639781901041665,43.20692076800637,255.0
022da1b8-ab52d480.jpg,1150.2113878240225,92.60001410590277,68.32774802027627,255.0
